[{"slug":"chicago","name":"Chicago","state":"IL","population":2721914,"sourceCount":15},{"slug":"phoenix","name":"Phoenix","state":"AZ","population":1609456,"sourceCount":14},{"slug":"sanantonio","name":"Sanantonio","state":"TX","population":1445662,"sourceCount":13},{"slug":"cityofdallas","name":"Dallas","state":"TX","population":1300642,"sourceCount":14},{"slug":"sanjose","name":"Sanjose","state":"CA","population":1001176,"sourceCount":13},{"slug":"charlottenc","name":"Charlotte","state":"NC","population":875045,"sourceCount":15},{"slug":"seattle","name":"Seattle","state":"WA","population":734603,"sourceCount":15},{"slug":"denver","name":"Denver","state":"CO","population":710800,"sourceCount":15},{"slug":"elpasotexas","name":"El Paso","state":"TX","population":677181,"sourceCount":14},{"slug":"boston","name":"Boston","state":"MA","population":665945,"sourceCount":15},{"slug":"detroit","name":"Detroit","state":"MI","population":636787,"sourceCount":15},{"slug":"baltimore","name":"Baltimore","state":"MD","population":584548,"sourceCount":15},{"slug":"fresno","name":"Fresno","state":"CA","population":541528,"sourceCount":15},{"slug":"sacramento","name":"Sacramento","state":"CA","population":523600,"sourceCount":15},{"slug":"costamesa","name":"Costa Mesa","state":"AZ","population":503390,"sourceCount":13},{"slug":"mesa","name":"Mesa","state":"AZ","population":503390,"sourceCount":16},{"slug":"atlantaga","name":"Atlanta","state":"GA","population":494838,"sourceCount":16},{"slug":"coloradosprings","name":"Colorado Springs","state":"CO","population":479612,"sourceCount":13},{"slug":"longbeach","name":"Long Beach","state":"CA","population":462293,"sourceCount":14},{"slug":"miamifl","name":"Miami","state":"FL","population":443665,"sourceCount":16},{"slug":"oakland","name":"Oakland","state":"CA","population":437825,"sourceCount":15},{"slug":"minneapolismn","name":"Minneapolis","state":"MN","population":426877,"sourceCount":14},{"slug":"cityofcleveland","name":"Cleveland","state":"OH","population":370365,"sourceCount":13},{"slug":"stockton","name":"Stockton","state":"CA","population":320030,"sourceCount":15},{"slug":"corpuschristi","name":"Corpus Christi","state":"TX","population":317804,"sourceCount":13},{"slug":"riversideca","name":"Riverside","state":"CA","population":316076,"sourceCount":15},{"slug":"stpaul","name":"Stpaul","state":"MN","population":308806,"sourceCount":13},{"slug":"newark","name":"Newark","state":"NJ","population":307355,"sourceCount":15},{"slug":"pittsburgh","name":"Pittsburgh","state":"PA","population":303843,"sourceCount":15},{"slug":"greensboro","name":"Greensboro","state":"NC","population":297202,"sourceCount":14},{"slug":"plano","name":"Plano","state":"TX","population":284948,"sourceCount":16},{"slug":"chulavista","name":"Chula Vista","state":"CA","population":276103,"sourceCount":13},{"slug":"toledo","name":"Toledo","state":"OH","population":269962,"sourceCount":15},{"slug":"cityoflaredo","name":"Laredo","state":"TX","population":255293,"sourceCount":13},{"slug":"richmondva","name":"Richmond","state":"VA","population":227171,"sourceCount":13},{"slug":"cityoftacoma","name":"Tacoma","state":"WA","population":219234,"sourceCount":13},{"slug":"huntsvilleal","name":"Huntsville","state":"AL","population":215025,"sourceCount":13},{"slug":"cityofrochester","name":"Rochester","state":"NY","population":210992,"sourceCount":13},{"slug":"yonkersny","name":"Yonkersny","state":"NY","population":209780,"sourceCount":14},{"slug":"fontana","name":"Fontana","state":"CA","population":209279,"sourceCount":15},{"slug":"cityoffayetteville","name":"Fayetteville","state":"NC","population":208697,"sourceCount":14},{"slug":"huntingtonbeach","name":"Huntington Beach","state":"CA","population":197481,"sourceCount":13},{"slug":"grandprairie","name":"Grand Prairie","state":"TX","population":197279,"sourceCount":13},{"slug":"mckinney","name":"McKinney","state":"TX","population":196160,"sourceCount":16},{"slug":"providenceri","name":"Providence","state":"RI","population":189715,"sourceCount":13},{"slug":"fortlauderdale","name":"Fort Lauderdale","state":"FL","population":182673,"sourceCount":14},{"slug":"santa-rosa","name":"Santa Rosa","state":"CA","population":178221,"sourceCount":13},{"slug":"salem","name":"Salem","state":"OR","population":175754,"sourceCount":16},{"slug":"ppines","name":"Pembroke Pines","state":"FL","population":170472,"sourceCount":14},{"slug":"salinas","name":"Salinas","state":"CA","population":162783,"sourceCount":14},{"slug":"hayward","name":"Hayward","state":"CA","population":160602,"sourceCount":14},{"slug":"corona","name":"Corona","state":"CA","population":158346,"sourceCount":16},{"slug":"alexandria","name":"Alexandria","state":"VA","population":157594,"sourceCount":15},{"slug":"sunnyvaleca","name":"Sunnyvale","state":"CA","population":154573,"sourceCount":15},{"slug":"killeen","name":"Killeen","state":"TX","population":153708,"sourceCount":15},{"slug":"hollywoodfl","name":"Hollywood","state":"FL","population":152764,"sourceCount":15},{"slug":"bellevue","name":"Bellevue","state":"WA","population":150606,"sourceCount":15},{"slug":"joliet","name":"Joliet","state":"IL","population":150221,"sourceCount":14},{"slug":"pomona","name":"Pomona","state":"CA","population":149831,"sourceCount":15},{"slug":"naperville","name":"Naperville","state":"IL","population":149089,"sourceCount":15},{"slug":"rockfordil","name":"Rockford","state":"IL","population":148173,"sourceCount":15},{"slug":"fullerton","name":"Fullerton","state":"CA","population":142280,"sourceCount":15},{"slug":"olatheks","name":"Olathe","state":"KS","population":142114,"sourceCount":15},{"slug":"visalia","name":"Visalia","state":"CA","population":141466,"sourceCount":15},{"slug":"cityoforange","name":"Orange","state":"CA","population":138728,"sourceCount":15},{"slug":"hampton","name":"Hampton","state":"VA","population":137217,"sourceCount":16},{"slug":"miramar","name":"Miramar","state":"FL","population":135158,"sourceCount":15},{"slug":"carrolltontx","name":"Carrollton","state":"TX","population":132284,"sourceCount":15},{"slug":"santaclara","name":"Santaclara","state":"CA","population":128058,"sourceCount":13},{"slug":"allentownpa","name":"Allentown","state":"PA","population":125292,"sourceCount":13},{"slug":"roundrock","name":"Roundrock","state":"TX","population":120465,"sourceCount":14},{"slug":"clearwater","name":"Clearwater","state":"FL","population":116984,"sourceCount":15},{"slug":"wilmington","name":"Wilmington","state":"NC","population":116933,"sourceCount":15},{"slug":"leaguecity","name":"League City","state":"TX","population":113469,"sourceCount":14},{"slug":"peoriail","name":"Peoria","state":"IL","population":113054,"sourceCount":14},{"slug":"murrieta","name":"Murrieta","state":"CA","population":111899,"sourceCount":15},{"slug":"pompano","name":"Pompano Beach","state":"FL","population":111790,"sourceCount":15},{"slug":"temeculaca","name":"Temecula","state":"CA","population":110114,"sourceCount":15},{"slug":"rialto","name":"Rialto","state":"CA","population":103873,"sourceCount":14},{"slug":"lsmo","name":"Lee's Summit","state":"MO","population":101728,"sourceCount":15},{"slug":"hesperia","name":"Hesperia","state":"CA","population":99878,"sourceCount":14},{"slug":"redmond","name":"Redmond","state":"OK","population":94503,"sourceCount":15},{"slug":"carson","name":"Carson","state":"CA","population":94475,"sourceCount":15},{"slug":"deltona","name":"Deltona","state":"FL","population":94373,"sourceCount":14},{"slug":"sanmarcos","name":"Sanmarcos","state":"CA","population":94360,"sourceCount":13},{"slug":"newbraunfels","name":"New Braunfels","state":"TX","population":92993,"sourceCount":15},{"slug":"roswell","name":"Roswell","state":"GA","population":92770,"sourceCount":15},{"slug":"lawtonok","name":"Lawton","state":"OK","population":91023,"sourceCount":13},{"slug":"chino","name":"Chino","state":"CA","population":91008,"sourceCount":14},{"slug":"westminsterca","name":"Westminster","state":"CA","population":90638,"sourceCount":15},{"slug":"sanleandro","name":"Sanleandro","state":"CA","population":89723,"sourceCount":13},{"slug":"cityofmerced","name":"Merced","state":"CA","population":87686,"sourceCount":15},{"slug":"newportbeach","name":"Newport Beach","state":"CA","population":85159,"sourceCount":13},{"slug":"franklintn","name":"Franklin","state":"TN","population":83630,"sourceCount":15},{"slug":"mountainview","name":"Mountain View","state":"CA","population":82132,"sourceCount":13},{"slug":"somervillema","name":"Somerville","state":"MA","population":80464,"sourceCount":15},{"slug":"napacity","name":"Napa","state":"CA","population":79233,"sourceCount":13},{"slug":"jonesboro","name":"Jonesboro","state":"AR","population":78379,"sourceCount":15},{"slug":"alameda","name":"Alameda","state":"CA","population":77565,"sourceCount":15},{"slug":"mansfield","name":"Mansfield","state":"CT","population":73680,"sourceCount":13},{"slug":"mountvernonny","name":"Mount Vernon","state":"NY","population":72817,"sourceCount":15},{"slug":"dublin","name":"Dublin","state":"CA","population":71068,"sourceCount":15},{"slug":"redondo","name":"Redondo Beach","state":"CA","population":70620,"sourceCount":15},{"slug":"canton","name":"Canton","state":"MI","population":70589,"sourceCount":15},{"slug":"blaine","name":"Blaine","state":"MN","population":70047,"sourceCount":15},{"slug":"rockvillemd","name":"Rockville","state":"MD","population":67142,"sourceCount":15},{"slug":"delraybeach","name":"Delray Beach","state":"FL","population":66646,"sourceCount":15},{"slug":"idahofalls","name":"Idaho Falls","state":"ID","population":65685,"sourceCount":14},{"slug":"cityofmalden","name":"Malden","state":"MA","population":65463,"sourceCount":14},{"slug":"pflugerville","name":"Pflugerville","state":"TX","population":64528,"sourceCount":15},{"slug":"ocala","name":"Ocala","state":"FL","population":63504,"sourceCount":14},{"slug":"marietta","name":"Marietta","state":"GA","population":61387,"sourceCount":15},{"slug":"revere","name":"Revere","state":"MA","population":60577,"sourceCount":14},{"slug":"cupertino","name":"Cupertino","state":"CA","population":59763,"sourceCount":15},{"slug":"maricopa","name":"Maricopa","state":"AZ","population":59605,"sourceCount":16},{"slug":"margatefl","name":"Margate","state":"FL","population":58396,"sourceCount":15},{"slug":"coconutcreek","name":"Coconut Creek","state":"FL","population":57574,"sourceCount":14},{"slug":"lakehavasucity","name":"Lake Havasu City","state":"AZ","population":57294,"sourceCount":16},{"slug":"olympia","name":"Olympia","state":"WA","population":55151,"sourceCount":14},{"slug":"pensacola","name":"Pensacola","state":"FL","population":54059,"sourceCount":15},{"slug":"pinellaspark","name":"Pinellas Park","state":"FL","population":53352,"sourceCount":15},{"slug":"cathedralcity","name":"Cathedral City","state":"CA","population":51964,"sourceCount":15},{"slug":"coralgables","name":"Coral Gables","state":"FL","population":49696,"sourceCount":14},{"slug":"cityofkeller","name":"Keller","state":"TX","population":45320,"sourceCount":14},{"slug":"palmsprings","name":"Palm Springs","state":"CA","population":44935,"sourceCount":15},{"slug":"concordnh","name":"Concord","state":"NH","population":44049,"sourceCount":13},{"slug":"coppell","name":"Coppell","state":"TX","population":42513,"sourceCount":15},{"slug":"hallandalebeach","name":"Hallandale Beach","state":"FL","population":41102,"sourceCount":15},{"slug":"annapolismd","name":"Annapolis","state":"MD","population":40719,"sourceCount":13},{"slug":"brightonco","name":"Brighton","state":"CO","population":40569,"sourceCount":14},{"slug":"culver-city","name":"Culver City","state":"CA","population":40357,"sourceCount":13},{"slug":"apachejunction","name":"Apache Junction","state":"AZ","population":38855,"sourceCount":15},{"slug":"manhattanbeach","name":"Manhattan Beach","state":"CA","population":35123,"sourceCount":15},{"slug":"goleta","name":"Goleta","state":"CA","population":32640,"sourceCount":14},{"slug":"beverlyhills","name":"Beverly Hills","state":"CA","population":32406,"sourceCount":14},{"slug":"sanpablo","name":"San Pablo","state":"CA","population":31907,"sourceCount":14},{"slug":"burlingameca","name":"Burlingame","state":"CA","population":30995,"sourceCount":15},{"slug":"cityofnorthport","name":"Northport","state":"AL","population":30714,"sourceCount":15},{"slug":"princetonnj","name":"Princeton","state":"NJ","population":30450,"sourceCount":14},{"slug":"cityofgreen","name":"Green","state":"OH","population":27333,"sourceCount":15},{"slug":"camas","name":"Camas","state":"WA","population":26387,"sourceCount":15},{"slug":"keywest","name":"Key West","state":"FL","population":26078,"sourceCount":14},{"slug":"hercules","name":"Hercules","state":"CA","population":26041,"sourceCount":15},{"slug":"venice","name":"Venice","state":"FL","population":25710,"sourceCount":14},{"slug":"cityofbrookings","name":"Brookings","state":"SD","population":23530,"sourceCount":15},{"slug":"cityofedgewater","name":"Edgewater","state":"FL","population":23138,"sourceCount":14},{"slug":"hudson","name":"Hudson","state":"OH","population":23005,"sourceCount":15},{"slug":"model","name":"Model","state":"CO","population":21682,"sourceCount":13},{"slug":"fwb","name":"Fort Walton Beach","state":"FL","population":20919,"sourceCount":14},{"slug":"mesquite","name":"Mesquite","state":"NV","population":20659,"sourceCount":15},{"slug":"northfield","name":"Northfield","state":"MN","population":20518,"sourceCount":15},{"slug":"lexingtonnc","name":"Lexington","state":"NC","population":19595,"sourceCount":15},{"slug":"cocoa","name":"Cocoa","state":"FL","population":19073,"sourceCount":15},{"slug":"boerne","name":"Boerne","state":"TX","population":18475,"sourceCount":15},{"slug":"marcoisland","name":"Marco Island","state":"FL","population":15942,"sourceCount":14},{"slug":"cityofredbluff","name":"Red Bluff","state":"CA","population":14576,"sourceCount":14},{"slug":"harrison","name":"Harrison","state":"OH","population":13086,"sourceCount":13},{"slug":"emeryville","name":"Emeryville","state":"CA","population":12840,"sourceCount":14},{"slug":"cityofsignalhill","name":"Signal Hill","state":"CA","population":11678,"sourceCount":15},{"slug":"mooresville","name":"Mooresville","state":"IN","population":9525,"sourceCount":15},{"slug":"hernandocountyfl","name":"Hernando County","state":"FL","population":8911,"sourceCount":13},{"slug":"waukesha","name":"Waukesha","state":"WI","population":8480,"sourceCount":15},{"slug":"collinsville","name":"Collinsville","state":"OK","population":8073,"sourceCount":15},{"slug":"commerce","name":"Commerce","state":"GA","population":7391,"sourceCount":15},{"slug":"cityfortbragg","name":"Fort Bragg","state":"CA","population":7007,"sourceCount":13},{"slug":"groveport","name":"Groveport","state":"OH","population":5928,"sourceCount":14},{"slug":"valdez","name":"Valdez","state":"AK","population":3935,"sourceCount":14},{"slug":"cityoffoley","name":"Foley","state":"MN","population":2695,"sourceCount":15},{"slug":"rockhill","name":"Rock Hill","state":"NY","population":2384,"sourceCount":14},{"slug":"lacounty","name":"Los Angeles County","state":"IL","population":1754,"sourceCount":13},{"slug":"cityoflewisville","name":"Lewisville","state":"AR","population":881,"sourceCount":14},{"slug":"cityofdeerpark","name":"Deer Park","state":"CA","population":835,"sourceCount":14},{"slug":"goodyear","name":"Goodyear","state":"AZ","population":332,"sourceCount":15},{"slug":"cityofluverne","name":"Lu Verne","state":"IA","population":297,"sourceCount":14},{"slug":"cityofsweetwater","name":"Sweetwater","state":"OK","population":143,"sourceCount":15},{"slug":"actransit","name":"AC Transit","state":"","population":null,"sourceCount":2},{"slug":"alachua","name":"Alachua","state":"FL","population":null,"sourceCount":7},{"slug":"albanycounty","name":"Albany County","state":"","population":null,"sourceCount":2},{"slug":"cabq","name":"Albuquerque","state":"","population":null,"sourceCount":4},{"slug":"a2gov","name":"Ann Arbor","state":"","population":null,"sourceCount":4},{"slug":"cityofappleton","name":"Appleton","state":"MN","population":null,"sourceCount":7},{"slug":"arapahoe","name":"Arapahoe","state":"CO","population":null,"sourceCount":6},{"slug":"gainesville","name":"Audit and Finance Committee","state":"","population":null,"sourceCount":2},{"slug":"baldwincountyal","name":"Baldwin County","state":"AL","population":null,"sourceCount":7},{"slug":"bart","name":"BART","state":"","population":null,"sourceCount":2},{"slug":"bethanybeach","name":"Bethany Beach","state":"DE","population":null,"sourceCount":6},{"slug":"blounttn","name":"Blount County","state":"TN","population":null,"sourceCount":7},{"slug":"wake","name":"Board of Commissioners","state":"","population":null,"sourceCount":2},{"slug":"westchestercountyny","name":"Board of Legislators","state":"","population":null,"sourceCount":2},{"slug":"sedgwickcounty","name":"Board of Sedgwick County Commissioners","state":"","population":null,"sourceCount":2},{"slug":"sanmateocounty","name":"BOARD OF SUPERVISORS","state":"","population":null,"sourceCount":2},{"slug":"brevardfl","name":"Brevard County","state":"FL","population":null,"sourceCount":5},{"slug":"broward","name":"Broward County","state":"","population":null,"sourceCount":2},{"slug":"brunswickcounty","name":"Brunswick County","state":"NC","population":null,"sourceCount":5},{"slug":"calaverascounty","name":"Calaveras County","state":"","population":null,"sourceCount":2},{"slug":"campo","name":"Campo","state":"CA","population":null,"sourceCount":6},{"slug":"carrboro","name":"Carrboro","state":"NC","population":null,"sourceCount":6},{"slug":"chapelhill","name":"Chapel Hill","state":"NC","population":null,"sourceCount":7},{"slug":"chathamnc","name":"Chatham County","state":"NC","population":null,"sourceCount":7},{"slug":"sitka","name":"City and Borough of Sitka","state":"AK","population":null,"sourceCount":6},{"slug":"clark","name":"Clark County Board of Commissioners","state":"","population":null,"sourceCount":2},{"slug":"contra-costa","name":"Contra Costa County","state":"","population":null,"sourceCount":2},{"slug":"cook-county","name":"Cook County","state":"","population":null,"sourceCount":2},{"slug":"cumberlandcounty","name":"Cumberland County","state":"PA","population":null,"sourceCount":7},{"slug":"dakota","name":"Dakota County","state":"IL","population":null,"sourceCount":6},{"slug":"dane","name":"Dane County","state":"","population":null,"sourceCount":2},{"slug":"dekalbcountyga","name":"DeKalb County","state":"GA","population":null,"sourceCount":7},{"slug":"desotobocc","name":"DeSoto County","state":"FL","population":null,"sourceCount":6},{"slug":"douglascounty","name":"Douglas County","state":"","population":null,"sourceCount":2},{"slug":"dupage","name":"DuPage County","state":"","population":null,"sourceCount":2},{"slug":"durhamcounty","name":"Durham County","state":"NC","population":null,"sourceCount":6},{"slug":"eldorado","name":"El Dorado County","state":"CA","population":null,"sourceCount":7},{"slug":"erie","name":"Erie County","state":"","population":null,"sourceCount":2},{"slug":"columbus","name":"Finance & Economic Development Committee","state":"","population":null,"sourceCount":2},{"slug":"fresnocounty","name":"Fresno County","state":"","population":null,"sourceCount":2},{"slug":"fulton","name":"Fulton County","state":"","population":null,"sourceCount":2},{"slug":"gaston","name":"Gaston County","state":"IN","population":null,"sourceCount":7},{"slug":"snohomish","name":"General Legislative Session","state":"","population":null,"sourceCount":2},{"slug":"guilford","name":"Guilford","state":"CT","population":null,"sourceCount":6},{"slug":"harriscountytx","name":"Harris County","state":"TX","population":null,"sourceCount":6},{"slug":"hennepinmn","name":"Hennepin County","state":"MN","population":null,"sourceCount":5},{"slug":"hillsboroughcounty","name":"Hillsborough County","state":"","population":null,"sourceCount":2},{"slug":"houstonisd","name":"Houston ISD","state":"","population":null,"sourceCount":2},{"slug":"humboldt","name":"Humboldt","state":"AZ","population":null,"sourceCount":6},{"slug":"kansascity","name":"Kansas City","state":"","population":null,"sourceCount":2},{"slug":"kingcounty","name":"King County","state":"","population":null,"sourceCount":2},{"slug":"metro","name":"King County Metro","state":"","population":null,"sourceCount":2},{"slug":"cityoflacrosse","name":"La Crosse","state":"FL","population":null,"sourceCount":7},{"slug":"countyoflake","name":"Lake County","state":"","population":null,"sourceCount":2},{"slug":"lakecounty","name":"Lake County","state":"","population":null,"sourceCount":2},{"slug":"laramiecounty","name":"Laramie County","state":"WY","population":null,"sourceCount":5},{"slug":"lexington","name":"Lexington","state":"","population":null,"sourceCount":2},{"slug":"lombard","name":"Lombard","state":"IL","population":null,"sourceCount":6},{"slug":"losalamos","name":"Los Alamos","state":"CA","population":null,"sourceCount":7},{"slug":"lausd","name":"Los Angeles Unified School District","state":"","population":null,"sourceCount":2},{"slug":"louisville","name":"Louisville","state":"","population":null,"sourceCount":2},{"slug":"lubbockcounty","name":"Lubbock County","state":"","population":null,"sourceCount":2},{"slug":"madison","name":"Madison","state":"","population":null,"sourceCount":2},{"slug":"manitowoc","name":"Manitowoc","state":"WI","population":null,"sourceCount":7},{"slug":"martin","name":"Martin County","state":"FL","population":null,"sourceCount":6},{"slug":"mauicounty","name":"Maui County","state":"HI","population":null,"sourceCount":5},{"slug":"mecklenburg","name":"Mecklenburg County","state":"","population":null,"sourceCount":2},{"slug":"mendocino","name":"Mendocino County","state":"CA","population":null,"sourceCount":7},{"slug":"mwrd","name":"Metro Water Reclamation District","state":"","population":null,"sourceCount":2},{"slug":"miamidade","name":"Miami-Dade County","state":"","population":null,"sourceCount":2},{"slug":"milwaukee","name":"Milwaukee","state":"","population":null,"sourceCount":2},{"slug":"monterey","name":"Monterey","state":"CA","population":null,"sourceCount":7},{"slug":"montgomerycountymd","name":"Montgomery County","state":"MD","population":null,"sourceCount":6},{"slug":"napa","name":"Napa County","state":"","population":null,"sourceCount":2},{"slug":"nashville","name":"Nashville","state":"","population":null,"sourceCount":2},{"slug":"nezperce","name":"Nez Perce County","state":"ID","population":null,"sourceCount":6},{"slug":"ousd","name":"Oakland Unified School District","state":"","population":null,"sourceCount":2},{"slug":"oklahomacounty","name":"Oklahoma County","state":"","population":null,"sourceCount":2},{"slug":"ocsd","name":"Orange County Sanitation District","state":"CA","population":null,"sourceCount":5},{"slug":"octa","name":"Orange County Transportation Authority","state":"","population":null,"sourceCount":2},{"slug":"oregonmetro","name":"Oregon Metro","state":"","population":null,"sourceCount":2},{"slug":"orlandpark","name":"Orland Park","state":"IL","population":null,"sourceCount":6},{"slug":"pbc","name":"Palm Beach County","state":"","population":null,"sourceCount":2},{"slug":"paradisevalleyaz","name":"Paradise Valley","state":"AZ","population":null,"sourceCount":7},{"slug":"parkland","name":"Parkland","state":"FL","population":null,"sourceCount":7},{"slug":"petersburg","name":"Petersburg","state":"VA","population":null,"sourceCount":7},{"slug":"philasd","name":"Philadelphia School District","state":"","population":null,"sourceCount":2},{"slug":"pima","name":"Pima County","state":"","population":null,"sourceCount":2},{"slug":"pinecrest","name":"Pinecrest","state":"CA","population":null,"sourceCount":5},{"slug":"pinellas","name":"Pinellas County","state":"","population":null,"sourceCount":2},{"slug":"plantcity","name":"Plant City","state":"FL","population":null,"sourceCount":7},{"slug":"polkcountyfl","name":"Polk County","state":"FL","population":null,"sourceCount":7},{"slug":"portofoakland","name":"Port of Oakland","state":"","population":null,"sourceCount":2},{"slug":"portofsandiego","name":"Port of San Diego","state":"","population":null,"sourceCount":2},{"slug":"psl","name":"Port St. Lucie","state":"","population":null,"sourceCount":4},{"slug":"princegeorgescountymd","name":"Prince George's County","state":"MD","population":null,"sourceCount":5},{"slug":"cityofracine","name":"Racine","state":"","population":null,"sourceCount":2},{"slug":"racine","name":"Racine","state":"WI","population":null,"sourceCount":5},{"slug":"romeoville","name":"Romeoville","state":"IL","population":null,"sourceCount":6},{"slug":"rutherfordcountync","name":"Rutherford County Emergency Services","state":"NC","population":null,"sourceCount":6},{"slug":"sanbernardino","name":"San Bernardino","state":"","population":null,"sourceCount":2},{"slug":"sdcounty","name":"San Diego County","state":"","population":null,"sourceCount":2},{"slug":"sfgov","name":"San Francisco","state":"","population":null,"sourceCount":2},{"slug":"santabarbara","name":"Santa Barbara","state":"CA","population":null,"sourceCount":7},{"slug":"seminolecountyfl","name":"Seminolecounty","state":"FL","population":null,"sourceCount":5},{"slug":"solano","name":"Solano County","state":"CA","population":null,"sourceCount":7},{"slug":"sonoma-county","name":"Sonoma County","state":"","population":null,"sourceCount":2},{"slug":"ci-ssf-ca","name":"South San Francisco","state":"CA","population":null,"sourceCount":7},{"slug":"albemarle","name":"Stanly County","state":"NC","population":null,"sourceCount":7},{"slug":"troup","name":"Troup","state":"TX","population":null,"sourceCount":6},{"slug":"unioncountync","name":"Unioncounty","state":"NC","population":null,"sourceCount":7},{"slug":"washoe-nv","name":"Washoe ","state":"NV","population":null,"sourceCount":7},{"slug":"wellington","name":"Wellington","state":"CO","population":null,"sourceCount":7},{"slug":"westsacramento","name":"West Sacramento","state":"CA","population":null,"sourceCount":7},{"slug":"whatcom","name":"Whatcom","state":"","population":null,"sourceCount":2}]